stage,company,region,hq,ai_product,round,amount_usd,date,lead_investors,founders,website,designer_hiring,designer_role_link,source,verification_notes
Pre-seed,Limetax,Europe / UK / Israel,"Berlin, Germany",AI platform automating tax and accounting advisory,Pre-seed + acquisition facility,42000000,Sep 2026,"Motive Partners, Activant, Heliad",not researched,not researched,"no design roles: 10 jobs, none design",,https://lucaberton.com/blog/european-funding-roundup-september-2026/,website unverified/not found; amount as reported: €36M (~$42M); Only €6M is equity
Pre-seed,June,US seed,New York [U] (Israeli founders),AI agents that automate enterprise software implementation,Pre-seed,20000000,3 Aug 2026,Time Ventures (Marc Benioff),"Efrat Rapoport, Ohad Hen, Barak Goldstein, Idan Tsitiat",not found,not checked,,https://techcrunch.com/2026/08/03/a-marc-benioff-backed-startup-thinks-ai-can-solve-the-ai-deployment-problem/,website unverified/not found; HQ unverified; amount as reported: $20M; Dedup: also in Israel list; NY HQ from secondary source
Pre-seed,Ando,US seed,San Francisco,Team messaging with AI agents as first-class participants,Pre-seed + seed,20000000,24 Sep 2026,"Accel (pre-seed); Index, Emergence (seed)",Sara Du (CEO),not found,"yes: Product Designer, SF (also Brand Designer)",https://jobs.ashbyhq.com/ando/7de86b5b-cda4-4c3f-9d32-8defb3a1a191,https://techcrunch.com/2026/09/24/ando-eyes-slack-as-it-builds-team-messaging-platform-for-humans-and-agents-to-work-together/,website unverified/not found; amount as reported: $20M
Pre-seed,DataAgent,Europe / UK / Israel,Israel,Self-healing infrastructure,Pre-seed,10000000,1-2 Sep 2026,not stated,not researched,not researched,not checked,,https://www.calcalistech.com/ctechnews/article/hjvc16uoge,website unverified/not found; amount as reported: $10M
Pre-seed,Elio Mortgage,US seed,New York [U],AI-native mortgage lender,Pre-seed,5100000,29 Sep 2026,"Motive Partners, Social Leverage","Oren Michaely, Arad Lev Ari",not found,not checked,,,website unverified/not found; HQ unverified; no source URL captured; amount as reported: $5.1M; Source: AlleyWatch daily report 29 Sep (exact URL not captured)
Pre-seed,Exclaim Robotics,Europe / UK / Israel,"Zurich, Switzerland",Autonomous robots for AI data-centre maintenance,Pre-seed,5000000,Aug 2026,"Playfair, Founderful",not researched,not researched,not checked,,https://www.vestbee.com/insights/articles/european-funding-rounds-closed-in-august-2026,website unverified/not found; amount as reported: $5M
Pre-seed,Onix,Canada / LatAm / Middle East / Africa,"Montréal, Canada",Consumer app of AI models of wellness experts,Pre-seed (convertible note),5000000,9 Sep 2026,AlphaEdison,"David Bennahum, Nicholas Nadeau",onix.life,"yes: Lead Product Designer, Old Montréal (in person)",https://onix.life/careers/lead-product-designer/,https://betakit.com/onix-raises-5-million-usd-to-create-ai-library-of-health-and-wellness-experts/,amount as reported: $5M
Pre-seed,Beagle Labs,US seed,New York [U],AI property-inspection data for insurance underwriters,Pre-seed,4100000,23 Sep 2026,Chingona Ventures,"Dwight Neptune, Josie Madingo, Keelan Gayle, Luis Guzman",not found,not checked,,,website unverified/not found; HQ unverified; no source URL captured; amount as reported: $4.1M; Source: AlleyWatch daily report 23 Sep (exact URL not captured)
Pre-seed,AVELIN AI,Canada / LatAm / Middle East / Africa,UAE,Sovereign AI solutions,Pre-seed,3700000,Jul 2026 [U],not named,not found,not found,not checked,,https://entarabi.com/en/2026/08/startup-investments-reach-3-3-billion-in-july-2026-as-uae-leads-ai-funding-and-saudi-arabia-diversifies-deal-activity/,website unverified/not found; date approximate or unverified; amount as reported: $3.7M
Pre-seed,Claryx,US seed,New York (Canadian founders),Genomic intelligence that traces hospital outbreaks (borderline AI),Pre-seed,3500000,4-5 Aug 2026,Outlander VC,"Kurt Hackenberger, Dirk Hackenberger",not found,not checked,,https://betakit.com/claryx-raises-3-5-million-usd-to-detect-hospital-outbreaks-before-they-start/,website unverified/not found; amount as reported: $3.5M; Dedup: US seed and Canada notes; BetaKit 4 Aug vs AlleyWatch 5 Aug
Pre-seed,Fambot,US seed,not found,"""AI chief of staff"" for families",Pre-seed,3500000,1 Sep 2026,"NextView Ventures, Baukunst","David Reich, Greg Karlin, Jason Morrow",not found,not checked,,https://techcrunch.com/2026/09/01/fambot-introduces-an-ai-chief-of-staff-for-families/,website unverified/not found; amount as reported: $3.5M
Pre-seed,Strattum,Canada / LatAm / Middle East / Africa,Brazil,Enterprise AI data-infrastructure layer,Pre-seed,3200000,covered 4 Aug 2026 (closed in June),"Maya Capital, ONEVC","Carlos Eduardo Monguilhott, Rafael Viana",strattum.ai,no design roles: No careers page,,https://latamlist.com/strattum-expands-internationally-after-raising-3-2m-pre-seed-round/,amount as reported: $3.2M; May fall outside window (closed June)
Pre-seed,Ossprey Security,Europe / UK / Israel,"London, UK",AI software-supply-chain security,Pre-seed,2700000,Jul 2026,Episode 1,not researched,not researched,not checked,,https://www.vestbee.com/insights/articles/top-european-funding-rounds-closed-in-july-2026,website unverified/not found; amount as reported: $2.7M
Pre-seed,Itoflow,Europe / UK / Israel,"London, UK",AI agents for investment research,Pre-seed,2500000,Aug 2026,Balderton,not researched,not researched,not checked,,https://www.vestbee.com/insights/articles/european-funding-rounds-closed-in-august-2026,website unverified/not found; amount as reported: $2.5M
Pre-seed,logcat.ai,India / APAC,India [U],AI that root-causes Android and embedded-Linux issues,Pre-seed,2500000,~11-17 Jul 2026,Founders' Co-op,"Varun Chitre, Tarun Vashisth",logcat.ai,not checked,,https://inc42.com/buzz/logcat-ai-bags-2-5-mn-to-build-ai-platform-for-android-linux-engineering/,date approximate or unverified; HQ unverified; amount as reported: $2.5M
Pre-seed,Flyboard,Europe / UK / Israel,"Barcelona, Spain",AI voice agents for sales and operations,Pre-seed,2200000,Jul 2026,K Fund,not researched,not researched,not checked,,https://www.vestbee.com/insights/articles/top-european-funding-rounds-closed-in-july-2026,website unverified/not found; amount as reported: €1.9M (~$2.2M)
Pre-seed,ChatFeatured,Canada / LatAm / Middle East / Africa,"Toronto, Canada",AI search optimisation for brand visibility in chatbots,Pre-seed,2000000,22 Jul 2026,Storytime Capital,"Farris Nasr (CEO), Nithiiyan Skhanthan (CTO), Ryan Nahas",chatfeatured.com,"undetermined: ""2 open roles"", titles JS-rendered and unread",https://chatfeatured.com/careers,https://betakit.com/chatfeatured-secures-2-million-usd-to-optimize-your-companys-chatbot-reach/,amount as reported: $2M
Pre-seed,Orbits,Canada / LatAm / Middle East / Africa,Toronto and San Francisco,Agentic AI household assistant (Bit),Pre-seed,2000000,17 Sep 2026,"No lead named (a16z speedrun, N49P, Garage Capital)","Nomaan Ahmed (CEO), Erik Tillberg (CTO)",tryorbits.com,no design roles: No careers page,,https://betakit.com/orbits-secures-2-million-usd-to-manage-home-logistics-with-ai/,amount as reported: ~$2M
Pre-seed,Keep Converting,Canada / LatAm / Middle East / Africa,UAE,AI that personalises e-commerce product pages,Pre-seed,2000000,~wk to 12 Sep 2026,"Nuwa Capital, COTU Ventures","Mohammad El-Mougi, Manuel Prinz",keepconverting.ai,no design roles: No careers page,,https://www.arabnews.com/startups/startup-wrap-mena-funding-and-expansion-activity-gathers-pace-3001259,date approximate or unverified; amount as reported: $2M
Pre-seed,Paraito,Canada / LatAm / Middle East / Africa,"Montréal, Canada",Generative-AI title searches for Québec notaries,Pre-seed,1900000,6 Jul 2026,Inovia Capital,François Arbour (others not named),paraito.ca,no design roles: No careers page,,https://betakit.com/paraito-raises-2-65-million-to-automate-grunt-work-for-quebec-notaries/,amount as reported: CAD 2.65M (~$1.9M)
Pre-seed,TacnIQ.ai,India / APAC,Singapore (+ California),Tactile-AI foundation models for robots,Pre-seed,1500000,22 Sep 2026,In Group Holdings,Aashish Mehta (CEO),not found,not checked,,https://technode.global/2026/09/22/singapores-tacniq-ai-raises-1-5m-from-in-group-holdings-in-pre-seed-round/,website unverified/not found; amount as reported: $1.5M
Pre-seed,Emilia AI,Canada / LatAm / Middle East / Africa,not stated (Colombian founders; Brazil market),Computer vision and POS analytics for restaurants,Pre-seed,1500000,15 Sep 2026,Prosus,"Andrés Cajiao, Sebastián Rojo",emiliavision.com,no design roles: No careers page,,https://latamlist.com/emilia-ai-raises-1-5m-pre-seed-round-led-by-prosus/,amount as reported: $1.5M
Pre-seed,Gaia,Canada / LatAm / Middle East / Africa,Saudi Arabia,"On-prem enterprise AI search, assistant and agents",Pre-seed,1500000,~wk to 12 Sep 2026,Seedra Ventures,"Badr Al-Malluh, Mohammad Rababah",gaia.sa,no design roles: No careers page,,https://www.arabnews.com/startups/startup-wrap-mena-funding-and-expansion-activity-gathers-pace-3001259,date approximate or unverified; amount as reported: $1.5M
Pre-seed,OpenDebt,India / APAC,"Sydney, Australia",AI voice and digital agents for compliant debt recovery,Pre-seed,1300000,~22 Sep 2026,Blackbird Ventures,"Norman Yan (CEO), Jonas Tischer (CTO)",opendebt.ai,not checked,,https://www.startupdaily.net/topic/funding/ai-debt-recovery-fintech-opendebt-bags-2-million-in-pre-seed/,date approximate or unverified; amount as reported: A$2M (~$1.3M)
Pre-seed,Verascient,Canada / LatAm / Middle East / Africa,"Cape Town, South Africa",Temporal knowledge graph plus agents for AI-native companies,Pre-seed,1200000,25 Aug 2026,Not stated,"Keagan Stokoe, Emile Ferreira",verascient.com,no design roles: Engineering roles only,,https://disruptafrica.com/2026/08/25/sa-ai-startup-verascient-raises-1-2m-funding-to-help-companies-build-better-teams/,amount as reported: ZAR 19.5M (~$1.2M)
Pre-seed,Blueprint,Canada / LatAm / Middle East / Africa,"Toronto, Canada",Turns text prompts into buildable hardware designs,Pre-seed (inferred),1000000,19 Aug 2026,a16z speedrun (backer; lead unconfirmed),"David Feldt (CEO), Sajeel Purewal, Pranav Seelam",blueprint.io,no design roles: No careers page,,https://betakit.com/a16z-backed-blueprint-raises-1-4-million-to-bring-vibe-coding-to-hardware/,amount as reported: CAD 1.4M (~$1M)
Pre-seed,HyperDev,Canada / LatAm / Middle East / Africa,South Africa / Europe,AI coding platform that deploys AI-generated code as apps,Pre-seed,1000000,Jul 2026 [U],Loom Ventures,"Riaz Moola, Piotr Sobolewski, Anton Moulder",hyperdev.ai [U],not checked,,https://african-startups.com/news/funding/meet-the-african-startups-that-raised-funding-in-july-2026/,website unverified/not found; date approximate or unverified; amount as reported: $1M+ (R16M)
Pre-seed,Flowt,Canada / LatAm / Middle East / Africa,"Nairobi, Kenya",AI financial intelligence for climate-smart SMEs,Pre-seed,,26 Aug 2026,"Delta40 Fund I, Impacc, Argidius Foundation",Elana Laichena,flowt.africa,no design roles: No careers page,,https://disruptafrica.com/2026/08/26/kenyan-ai-startup-flowt-raises-pre-seed-funding-round/,amount as reported: Undisclosed
Seed,Walden Robotics,US seed,"Cambridge, MA [U]",Physical-AI semi-humanoid robots (TRI spinout),Seed,300000000,Jul 2026 [U],"Menlo Ventures, NVIDIA, Boeing, Toyota Ventures, Calibrate","Adrien Gaidon, Ben Burchfiel, Dave Johnson, Kerri Fetzer-Borelli, Rareș Ambruș, Russ Tedrake",not found,not checked,,https://www.alleywatch.com/2026/08/global-startup-funding-top-largest-july-2026-vc/,website unverified/not found; date approximate or unverified; HQ unverified; amount as reported: $300M; Exact date unverified
Seed,Callosum,Europe / UK / Israel,"London, UK",Orchestration routing AI workloads across models and chips,Seed,100000000,Aug 2026,Atomico,"Danyal Akarca, Jascha Achterberg",not found,"no design roles: 12 jobs, none design",,https://techfundingnews.com/callosum-raises-100m-europe-largest-seed-round/,website unverified/not found; amount as reported: $100M
Seed,Hang Ten Systems,US seed,Palo Alto,AI-driven enterprise software build and modernisation,Seed + extension,85000000,16 Sep 2026 (extension),Xora (Temasek) led extension,"Vishal Sikka, Sanjay Rajagopalan",not found,not checked,,https://techcrunch.com/2026/09/16/former-infosys-chiefs-ai-startup-adds-50m-to-seed-weeks-after-initial-raise/,website unverified/not found; amount as reported: $85M ($32M + $53M)
Seed,Decade,Canada / LatAm / Middle East / Africa,Brazil,Wealth advisory pairing a human advisor with an AI model,Seed,85000000,4 Aug 2026,"Greenoaks, Benchmark, Diffusion","Vitor Olivier, Felipe Meneses",decade.com,no design roles: Only careers@ email,,https://latamlist.com/decade-raises-85m-seed-round-to-launch-ai-powered-wealth-advisory-platform/,amount as reported: $85M
Seed,Freehand,US seed,San Francisco (Indian founders),AI agents that run accounts payable and supply-chain spend,Undisclosed (TNW: seed),75000000,~27-31 Jul 2026,"Battery Ventures, NewRoad Capital Partners","Nitin Jayakrishnan, Abhijeet Manohar",not found,"no design roles: Ashby, 9 jobs, none design",,https://thenextweb.com/news/freehand-75m-supply-chain-ai-agents,website unverified/not found; date approximate or unverified; amount as reported: $75M; Dedup: found by India sweep; placed by SF HQ
Seed,Enigma,US seed,San Francisco (founded in Tel Aviv),Foundation models that make robots easy to control,Seed,71000000,27 Jul 2026,"Index Ventures, Ribbit Capital","Jonathan Jacobi (CEO), Gal Niv (CTO)",not found,not checked,,https://techcrunch.com/2026/07/27/enigma-raises-70m-to-make-controlling-a-robot-as-easy-as-adjusting-the-volume/,website unverified/not found; amount as reported: $71M
Seed,Corma,Europe / UK / Israel,Israel,AI-powered defensive cybersecurity,Seed,60000000,10 Aug 2026,not stated,not researched,not researched,not checked,,https://www.calcalistech.com/ctechnews/article/r1rboe4umg,website unverified/not found; amount as reported: $60M
Seed,microagi,Europe / UK / Israel,"Munich, Germany","Embodied AI: robotics, real-world data and ML",Seed,55000000,Jul 2026,Northzone,not researched,not researched,"no design roles: 2 jobs, none design",,https://www.vestbee.com/insights/articles/top-european-funding-rounds-closed-in-july-2026,website unverified/not found; amount as reported: $55M
Seed,Fish Audio,US seed,Palo Alto,AI voice and text-to-speech models,Seed,52000000,28 Jul 2026,"Coreline Ventures, Capital Today",Rissa Cao (CEO),fish.audio [U],not checked,,https://techcrunch.com/2026/07/28/fish-audio-raises-50m-seed-to-build-ai-voice-models-for-creators-and-enterprises/,website unverified/not found; amount as reported: $52M
Seed,AIR Security,Europe / UK / Israel,Israel (US HQ unverified),Discovers AI agents and vets the skills and tools they use,Two seeds,50000000,1 Sep 2026,"Sequoia (1st), Greenoaks (2nd)","Yair Saban (CEO), Niv Hoffman (CTO)",not found,not checked: Greenhouse 'air' is a different company,,https://techcrunch.com/2026/09/01/air-raises-50m-to-help-companies-vet-the-skills-and-add-ons-ai-agents-use/,website unverified/not found; amount as reported: $50M ($10M + $40M); Dedup: in US seed note (US HQ unverified) and Israel list
Seed,Monogram,US seed,"San Mateo, CA (job board: San Carlos)",Voice-driven AI app that generates interactive UIs,Seed,40000000,~7 Jul 2026,"DST Global, Lux Capital","Eren Bali, Edouard Tabet, Murat Akbal (roles unverified)",monogram.ai,"yes: Designer + Design Engineer, San Carlos",https://jobs.ashbyhq.com/monogram/3fa03b4f-ec86-48f5-a247-2c4aa51418e6 | https://jobs.ashbyhq.com/monogram/a70a94b1-721e-49d1-bde5-938140f6faa6,https://runtimewire.com/article/eren-bali-monogram-40m-seed-visual-ai-interface,"date approximate or unverified; amount as reported: $40M; Role title is ""Designer"""
Seed,Harmony,US seed,New York (also Tel Aviv),AI-native enterprise service management in Slack/Teams,Seed,34000000,28 Jul 2026,Lightspeed Venture Partners,"Nitzan Shapira, Ran Ribenzaft",not found,"no design roles: Ashby, 13 jobs, none design",,https://www.alleywatch.com/2026/07/the-alleywatch-startup-daily-funding-report-7-28-2026/,website unverified/not found; amount as reported: $34M
Seed,Velocity,Europe / UK / Israel,Israel,Revenue and distribution infrastructure for AI apps,Seed,27000000,~9 Jul 2026 [U],not stated,not researched,not researched,not checked,,https://www.ynetnews.com/business/article/by11c2oomml,website unverified/not found; date approximate or unverified; amount as reported: $27M; Date ambiguous (07/09/2026)
Seed,Keenable,US seed,San Francisco,Web-scale search index built for AI agents,Seed,26000000,~25 Aug 2026,Accel,"Andrey Styskin, Matthias Petri",not found,"no design roles: Ashby, no design",,https://techcrunch.com/2026/08/25/accel-backed-keenable-is-indexing-the-web-for-ai-agents/,website unverified/not found; date approximate or unverified; amount as reported: $26M
Seed,Agon,Europe / UK / Israel,"London, UK",Synthetic battlefield for testing autonomous defence systems,Seed,23000000,Jul 2026,Lakestar,not researched,not researched,not checked,,https://www.vestbee.com/insights/articles/top-european-funding-rounds-closed-in-july-2026,website unverified/not found; amount as reported: $23M
Seed,Empirik,US seed,not found,AI that predicts IT outages (Sequoia incubation),Seed,21000000,1 Sep 2026,Sequoia,Kartik Chandrayana (CEO),not found,not checked,,https://techcrunch.com/2026/09/01/sequoia-incubated-empirik-launches-with-21m-to-predict-outages-before-they-happen/,website unverified/not found; amount as reported: $21M
Seed,Polyphron,US seed,New York [U],Engineered human tissue as a verification layer for AI drug development,Seed,20000000,17 Sep 2026,Quiet Capital,"Matthew Osman, Fabio Boniolo, Vinh Q. Tran",not found,not checked,,,website unverified/not found; HQ unverified; no source URL captured; amount as reported: $20M; Source: AlleyWatch daily report 17 Sep (exact URL not captured)
Seed,ZML,Europe / UK / Israel,"Paris, France",Chip-agnostic AI inference platform,Seed,20000000,Jul 2026,Kima Ventures,not researched,not researched,not checked,,https://www.vestbee.com/insights/articles/top-european-funding-rounds-closed-in-july-2026,website unverified/not found; amount as reported: $20M
Seed,Overtone,US seed,New York [U],AI and voice-driven matchmaking service,Seed,18000000,14 Jul 2026,"No lead named (FirstMark, Pace Capital, Match Group)",Justin McLeod,not found,"no design roles: Ashby board, 0 jobs (slug match unconfirmed)",,https://techcrunch.com/2026/07/14/the-founder-of-hinge-raised-18m-to-build-a-new-ai-dating-service-overtone/,website unverified/not found; HQ unverified; amount as reported: $18M
Seed,Liquid Compute,US seed,New York [U],Regulated marketplace for trading AI compute (AI-infra-adjacent),Seed,15000000,15 Sep 2026,"FirstMark, Chemistry","Ronit Jain, Aarav Patel",not found,not checked,,,website unverified/not found; HQ unverified; no source URL captured; amount as reported: $15M; Source: AlleyWatch daily report 15 Sep (exact URL not captured)
Seed,Hive,Europe / UK / Israel,"London, UK",AI for autonomous industrial machines,Seed,15000000,Jul 2026,SuperSeed,not researched,not researched,not checked,,https://www.vestbee.com/insights/articles/top-european-funding-rounds-closed-in-july-2026,website unverified/not found; amount as reported: £11.2M (~$15M)
Seed,Vorflux,India / APAC,HQ unverified (Inc42 counts as Indian),Autonomous agentic platform for the software development lifecycle,Seed,15000000,17 Jul 2026,"Y Combinator, Peak XV Partners",Prasanna Sankar,not found,not checked,,https://inc42.com/buzz/former-rippling-cofounder-prasanna-sankar-raises-15-mn-for-vorflux-after-0xppl-shutdown/,website unverified/not found; amount as reported: $15M
Seed,Skalar,Europe / UK / Israel,"Munich, Germany",AI-first tax advisory,Seed,14000000,Jul 2026,Headline,not researched,not researched,"no design roles: 16 jobs, none design",,https://www.vestbee.com/insights/articles/top-european-funding-rounds-closed-in-july-2026,website unverified/not found; amount as reported: €12M (~$14M)
Seed,kausable,Europe / UK / Israel,Germany,AI that needs no retraining,Seed,14000000,Jul 2026 [U],"UVC Partners, Entourage, HTGF, Mätch VC (lead not stated)",not researched,not researched,not checked,,https://www.htgf.de/en/kausable-seed-round/,website unverified/not found; date approximate or unverified; amount as reported: €12M (~$14M); Date unverified
Seed,Marker,Europe / UK / Israel,"London, UK",AI-native writing platform,Seed,13400000,Jul 2026,Index Ventures,not researched,not researched,not checked,,https://www.vestbee.com/insights/articles/top-european-funding-rounds-closed-in-july-2026,website unverified/not found; amount as reported: £10M (~$13.4M)
Seed,BoomerangHR,US seed,New York [U],AI that automates offboarding and alumni networks,Seed,12700000,15 Sep 2026,"Kalos Ventures, Album Ventures","Jeff Wald, Kanish Raajkumar, Andrei Tulai, Mallory Meiser",not found,not checked,,,website unverified/not found; HQ unverified; no source URL captured; amount as reported: $12.7M; Source: AlleyWatch daily report 15 Sep (exact URL not captured)
Seed,geoSurge,Europe / UK / Israel,"London, UK",Tech for how brands appear in generative AI,Seed,12000000,Jul 2026,AlbionVC,not researched,not researched,"no design roles: Ashby board, 0 jobs",,https://www.vestbee.com/insights/articles/top-european-funding-rounds-closed-in-july-2026,website unverified/not found; amount as reported: $12M
Seed,Primero,Canada / LatAm / Middle East / Africa,"Mexico City, Mexico",Enterprise data layer and governed AI agents over ERP/CRM,Seed,12000000,14 Sep 2026,"Kaszek, General Catalyst",not named in source,primero.com,no design roles: Only a contact form,,https://latamlist.com/primero-raises-12m-seed-round-led-by-kaszek-and-general-catalyst/,amount as reported: $12M
Seed,Intropy AI,Europe / UK / Israel,"London, UK",AI spare-parts management,Seed,11000000,Jul 2026,Felix Capital,not researched,not researched,not checked,,https://www.vestbee.com/insights/articles/top-european-funding-rounds-closed-in-july-2026,website unverified/not found; amount as reported: $11M
Seed,Ellis AI,US seed,New York [U],AI platform for private-credit managers,Seed,10000000,30 Jul 2026,No lead named,Ryan Williams,not found,not checked,,https://techcrunch.com/2026/07/31/repeat-founder-ryan-williams-raises-10m-seed-for-an-ai-startup-for-private-credit-managers/,website unverified/not found; HQ unverified; amount as reported: $10M
Seed,Malachyte,US seed,New York,AI behaviour intelligence and personalisation for e-commerce,Seed,10000000,6 Aug 2026,"Bessemer, Gradient","Sidd Motwani, Ian Anderson, Shivaditya Sinha",not found,not checked,,https://techcrunch.com/2026/08/06/ex-spotify-employees-raise-10m-to-bring-the-ai-behind-its-recommendations-to-e-commerce/,website unverified/not found; amount as reported: $10M
Seed,Arga Labs,US seed,not found,Testing and training environments for enterprise AI agents,Seed,10000000,26 Aug 2026,General Catalyst,Phillip Li (CEO),not found,not checked,,https://techcrunch.com/2026/08/26/arga-is-building-a-better-way-to-train-enterprise-ai-agents/,website unverified/not found; amount as reported: $10M
Seed,Clarion Health,US seed,New York,Conversational AI agents for clinics (YC),Seed,10000000,21 Sep 2026,Accel,"Ryan Gallagher, Jeffrey Lamothe",not found,"yes: Founding Product Designer, NYC",https://jobs.ashbyhq.com/clarion/c2b3a050-8588-47e9-9610-c0913e4e718b,,website unverified/not found; no source URL captured; amount as reported: $10M; Funding source: AlleyWatch daily report 21 Sep (exact URL not captured)
Seed,Ditto,US seed,San Francisco,AI matchmaking for college students,Seed,9200000,6 Aug 2026 (one snippet: 28 Sep),"Gradient, Peak XV, Scribble (lead unverified)","Allen Wang, Eric Liu",not found,"no design roles: Ashby 'dittoai', no design",,https://techcrunch.com/2026/08/06/gen-z-dating-apps-like-ditto-ditch-swiping-in-favor-of-ai-matchmaking/,website unverified/not found; amount as reported: $9.2M; Date ambiguous
Seed,Discovered Materials,US seed,not found,AI-driven materials discovery for cooler chips (YC),Seed,9000000,10 Aug 2026,Lightspeed India Partners,not found,not found,not checked,,https://techcrunch.com/2026/08/10/discovered-materials-is-playing-ai-whack-a-mole-to-hunt-cooler-chips/,website unverified/not found; amount as reported: $9M; US HQ unverified
Seed,Destro AI,US seed,New York [U],VLA-based OS coordinating warehouse robots and workers,Seed,8000000,29-30 Sep 2026,"Base10 Partners, Bonfire Ventures",Manthan Pawar,not found,not checked,,https://techcrunch.com/2026/09/30/destro-ais-secret-sauce-is-getting-robots-and-humans-on-the-same-page/,website unverified/not found; HQ unverified; amount as reported: $8M
Seed,Medly AI,Europe / UK / Israel,"London, UK",AI exam-prep tutoring,Seed,8000000,Aug 2026,"Ada Ventures, Eka Ventures, Felix Capital",not researched,not researched,not checked,,https://www.vestbee.com/insights/articles/european-funding-rounds-closed-in-august-2026,website unverified/not found; amount as reported: $8M
Seed,Arrakis Security,Europe / UK / Israel,Israel,AI-agent access monitoring,Seed,8000000,2 Aug 2026,not stated,not researched,not researched,not checked,,https://www.calcalistech.com/ctechnews/article/r1rboe4umg,website unverified/not found; amount as reported: $8M
Seed,Intelligence (Design Arena),US seed,San Francisco,Human-preference evals of AI models' design taste,Seed,7900000,3 Aug 2026,Index Ventures,Grace Li (others unverified),intelligence.ai / designarena.ai,"no design roles: Ashby, 5 MTS/ML roles",,https://techcrunch.com/2026/08/03/designarena-creators-raise-7-9-million-to-bring-taste-to-ai-models/,amount as reported: $7.9M
Seed,Xpander,Europe / UK / Israel,Israel,AI deployment infrastructure,Seed,7500000,17 Aug 2026,not stated,not researched,not researched,not checked,,https://www.calcalistech.com/ctechnews/article/r1rboe4umg,website unverified/not found; amount as reported: $7.5M
Seed,Savi,US seed,not found [U],Consumer app that blocks AI voice-clone and text scams,Seed,7000000,7 Jul 2026,Acrew Capital,"Patrick Coughlin, Ryan Coughlin",not found,not checked,,https://techcrunch.com/2026/07/07/savis-app-aims-to-protect-consumers-from-realistic-ai-scams-like-kidnappers-demanding-ransom/,website unverified/not found; HQ unverified; amount as reported: $7M; US HQ unverified
Seed,conmeet,Europe / UK / Israel,"Borken, Germany",AI operating system for trades and construction,Seed,7000000,Aug 2026,"May Ventures, Smedvig, Reimann",not researched,not researched,not checked,,https://www.vestbee.com/insights/articles/european-funding-rounds-closed-in-august-2026,website unverified/not found; amount as reported: €6M (~$7M)
Seed,Amity Robotics,India / APAC,Thailand,Physical-AI concierge kiosks and robots,Seed (equity + debt),7000000,1 Jul 2026,East Ventures (equity); AlteriQ Global (debt),not found (Korawad Chearavanont is chairman),not found,not checked,,https://technode.global/2026/07/01/thailands-amity-robotics-raises-7m-to-expand-ai-concierge-robots-across-asia/,website unverified/not found; amount as reported: $7M
Seed,Nexcade,Europe / UK / Israel,"London, UK",AI agents for freight forwarding,Seed,6000000,Jul 2026,Project A,not researched,not researched,"no design roles: 2 jobs, none design",,https://www.vestbee.com/insights/articles/top-european-funding-rounds-closed-in-july-2026,website unverified/not found; amount as reported: $6M
Seed,Velatir,Europe / UK / Israel,"Odense, Denmark",Infrastructure for secure AI management,Seed,5900000,Aug 2026,"Norrsken Evolve, Spintop, EIFO",not researched,not researched,not checked,,https://www.vestbee.com/insights/articles/european-funding-rounds-closed-in-august-2026,website unverified/not found; amount as reported: €5M (~$5.9M)
Seed,Polar,US seed,not found [U],AI-first browser for knowledge workers,Seed,5700000,29 Jul 2026,Madrona,Kevin Jiang (CEO),not found,not checked: Ashby 'polar' is a different company,,https://techcrunch.com/2026/07/29/perplexity-employee-who-worked-on-comet-launches-an-ai-browser-aimed-at-knowledge-work/,website unverified/not found; HQ unverified; amount as reported: $5.7M
Seed,Prolo,Europe / UK / Israel,"London, UK",AI procurement for construction,Seed,5600000,Jul 2026,Triple Point,not researched,not researched,not checked,,https://www.vestbee.com/insights/articles/top-european-funding-rounds-closed-in-july-2026,website unverified/not found; amount as reported: £4.2M (~$5.6M)
Seed,Aina,India / APAC,Bengaluru + San Francisco,AI-native consumer hardware interface,Seed,5500000,~11-17 Jul 2026,"Redstart Labs (Info Edge), 360 ONE Asset",Apoorv Shankar,not found,not checked,,https://www.finsmes.com/2026/07/aina-raises-5-5m-in-seed-funding.html,website unverified/not found; date approximate or unverified; amount as reported: $5.5M
Seed,Inner AI,Canada / LatAm / Middle East / Africa,"São Paulo, Brazil",AI-native workspace (Squad.com),Seed,5500000,Aug 2026 [U],not found,not found,innerai.com,no design roles: No listings in HTML,,https://www.bloomberglinea.com.br/startups/rodadas-da-semana-startups-brasileiras-captaram-us-377-milhoes-em-agosto/,date approximate or unverified; amount as reported: R$30M (~$5.5M)
Seed,Thri5,Canada / LatAm / Middle East / Africa,"Toronto, Canada [U]",Agentic-AI execution layer for retail operations,Seed,5400000,21 Sep 2026,No lead named,"Jeremy Pee (CEO), Herman Paek (COO)",thri5.com,no design roles: No careers page,,https://betakit.com/thri5-raises-5-4-million-usd-to-expand-ai-platform-for-retail-businesses/,HQ unverified; amount as reported: $5.4M; HQ inferred
Seed,Petra Labs,US seed,New York [U],Generative-engine optimisation tied to revenue,Seed,5200000,23 Jul 2026,Work-Bench,"Sami Akkawi, Rishi Penmetcha, Ramie Khoury",not found,"no design roles: Ashby, 5 roles, none design",,,website unverified/not found; HQ unverified; no source URL captured; amount as reported: $5.2M; Source: AlleyWatch daily report 23 Jul (exact URL not captured)
Seed,Cashboard,US seed,New York [U],FP&A platform with a semantic layer for AI automation,Seed,5000000,27 Jul 2026,FINTOP,Julian Rowlands,not found,not checked,,https://www.alleywatch.com/2026/07/the-alleywatch-startup-daily-funding-report-7-27-2026-2/,website unverified/not found; HQ unverified; amount as reported: $5M
Seed,Catch,Europe / UK / Israel,Israel,AI agents for administrative work,Seed,5000000,1-2 Sep 2026,not stated,not researched,not researched,not checked,,https://www.calcalistech.com/ctechnews/article/hjvc16uoge,website unverified/not found; amount as reported: $5M
Seed,VerifAIX,India / APAC,HQ unverified (US-based founders; US/India/Israel teams),AI plus formal-methods verification for chip design,Seed,5000000,~16 Sep 2026,"Endiya Partners, Bluehill VC","Madhulima Tewari, Kenneth Roe, Avner Landver",not found,not checked,,https://www.newelectronics.co.uk/content/news/verifaix-secures-5m-seed-funding-to-advance-ai-verification-technology-for-chip-design,website unverified/not found; date approximate or unverified; amount as reported: $5M; HQ flag
Seed,imagi,Europe / UK / Israel,"Stockholm, Sweden",AI-literacy platform for K-12,Seed,4500000,Jul 2026,Morgan Stanley,not researched,not researched,not checked,,https://www.vestbee.com/insights/articles/top-european-funding-rounds-closed-in-july-2026,website unverified/not found; amount as reported: $4.5M
Seed,Fisent Technologies,Canada / LatAm / Middle East / Africa,"Toronto, Canada",Enterprise generative-AI automation with a trust layer,First priced round,4300000,11 Aug 2026,FINTOP,Adrian Murray (CEO),fisent.com,no design roles: No careers link,,https://betakit.com/fisent-technologies-raises-4-3-million-usd-to-help-enterprises-automate-ai-use/,amount as reported: $4.3M
Seed,MAVI,US seed,not found,AI-powered talent marketplace for accountants,Seed,4000000,28 Sep 2026,Harlem Capital,"""Liu"" (co-CEO; full name unverified)",not found,not checked,,https://techcrunch.com/2026/09/28/mavi-bets-on-the-ai-boom-creating-demand-for-a-new-kind-of-accountant/,"website unverified/not found; amount as reported: $4M; Round closed in 2025, first announced in window"
Seed,Sol (Sol Foundry Inc.),India / APAC,HQ unverified (US Inc.; ex-CRED founders),Proactive AI that finds and does work promised in email,Seed,4000000,23 Sep 2026,"General Catalyst, Nexus Venture Partners","Anish Karan, Prateek Srivastava, Ranjith Nair",not found,not checked: Ashby 'sol' is a different company,,https://www.businesswire.com/news/home/20260923586872/en/Sol-From-Sol-Foundry-Inc.-Emerges-From-Stealth-With-$4M-for-AI-That-Finds-and-Does-the-Work-You-Promised-in-Email,website unverified/not found; amount as reported: $4M; HQ flag
Seed,Sharpi,Canada / LatAm / Middle East / Africa,Brazil,WhatsApp conversational AI sales agent for distributors,Seed,4000000,28 Aug 2026,"NXTP, ONEVC",not named in source,sharpi.com.br,no design roles: No careers page,,https://latamlist.com/sharpi-raises-4m-seed-round/,amount as reported: $4M
Seed,Finto,Europe / UK / Israel,"Munich, Germany",AI agents for enterprise accounting,Seed,3400000,Jul 2026,Lightspeed,not researched,not researched,"no design roles: 7 jobs, none design",,https://www.vestbee.com/insights/articles/top-european-funding-rounds-closed-in-july-2026,website unverified/not found; amount as reported: $3.4M
Seed,Scape,Europe / UK / Israel,"Stockholm, Sweden",AI-native email platform,Seed,3200000,Jul 2026,General Catalyst,not researched,not researched,not checked,,https://www.vestbee.com/insights/articles/top-european-funding-rounds-closed-in-july-2026,website unverified/not found; amount as reported: $3.2M
Seed,Octozi,US seed,New York [U],AI that automates clinical-trial data cleaning,Seed,3000000,7 Jul 2026,Surface Ventures,"Amit Patel, Cedric Odje, Matthew Purri",not found,not checked,,https://www.alleywatch.com/2026/07/the-alleywatch-startup-daily-funding-report-7-7-2026/,website unverified/not found; HQ unverified; amount as reported: $3M; NYC inferred from AlleyWatch scope
Seed,Volve,Europe / UK / Israel,"Oslo, Norway",AI tendering software for construction,Seed,3000000,Aug 2026,"Antler, Norrsken Evolve, Startuplab",not researched,not researched,not checked,,https://www.vestbee.com/insights/articles/european-funding-rounds-closed-in-august-2026,website unverified/not found; amount as reported: $3M
Seed,Fincart,Canada / LatAm / Middle East / Africa,"Cairo, Egypt",AI operating system for e-commerce merchants,Seed,2800000,28 Jul 2026,"Launch Africa, Antler MENAP","Mostafa Masry, Nihal Ali",fincart.io,no design roles: Eng and commercial roles only,,https://techcabal.com/2026/07/28/egyptian-startup-fincart-raises-2-8-million-to-expand-ai-commerce-platform/,amount as reported: $2.8M
Seed,Hulp,India / APAC,India [U],Application-layer B2C AI (detail not captured),Seed,2600000,~3-7 Aug 2026,"Sparrow Capital, BITKRAFT Ventures",not found,not found,not checked,,https://inc42.com/buzz/from-river-mobility-to-blissclub-indian-startups-raised-274-mn-this-week/,website unverified/not found; date approximate or unverified; HQ unverified; amount as reported: $2.6M
Seed,Visoid,Europe / UK / Israel,"Oslo, Norway",AI architectural visualisation,Seed,2500000,Aug 2026,"Antler, Startuplab, Skyfall",not researched,not researched,not checked,,https://www.vestbee.com/insights/articles/european-funding-rounds-closed-in-august-2026,website unverified/not found; amount as reported: $2.5M
Seed,HeyBreez,Canada / LatAm / Middle East / Africa,Delaware HQ; Amman and Dubai offices,Infrastructure for enterprise voice AI agents,Seed,2500000,~wk to 22 Aug 2026,Lunara Partners,Karim Malhas,heybreez.ai,no design roles: No careers page,,https://www.arabnews.com/node/2655509/amp,"date approximate or unverified; amount as reported: $2.5M; Region dispute: US-incorporated, MENA-born; kept in MEA"
Seed,RIME,Canada / LatAm / Middle East / Africa,"Riyadh, Saudi Arabia",Physical AI: edge/AIoT agents for site decisions,Seed,2000000,Aug 2026 [U],Seedra Ventures,"Mohammed Almarshidi, Arif Alotaibi",rime.sa,"no design roles: Backend, CS, technical writer only",,https://www.wamda.com/2026/08/saudi-startup-rime-raises-2-million-seed-round,date approximate or unverified; amount as reported: $2M+
Seed,Dawraty,Canada / LatAm / Middle East / Africa,Kuwait,Bilingual AI-supported professional learning (borderline AI),Seed (open),2000000,~wk to 12 Sep 2026,Qatar Development Bank (backer),"Ryan Dougherty, Hamad Al-Thunayan",dawraty.com [U],not checked,,https://www.arabnews.com/startups/startup-wrap-mena-funding-and-expansion-activity-gathers-pace-3001259,website unverified/not found; date approximate or unverified; amount as reported: $2M at $10M; Round still open
Seed,Tax Star,Canada / LatAm / Middle East / Africa,UAE,AI corporate tax and compliance; e-invoicing,Seed,1750000,~wk to 22 Aug 2026,Angel investors (no lead),"Rayhan Aleem, Haris Tasawar",not verified,not checked,,https://www.arabnews.com/node/2655509/amp,website unverified/not found; date approximate or unverified; amount as reported: $1.75M
Seed,Profound (India),India / APAC,India [U],Application-layer B2C AI (not the US Profound),Seed,1500000,~3-7 Aug 2026,"Stellaris Venture Partners, 3one4 Capital",not found,not found,not checked,,https://inc42.com/buzz/from-river-mobility-to-blissclub-indian-startups-raised-274-mn-this-week/,website unverified/not found; date approximate or unverified; HQ unverified; amount as reported: $1.5M; Name collides with US Profound
Seed,GroundedAI,Canada / LatAm / Middle East / Africa,"Vancouver, Canada",AI system of record for tunnel-construction field data,Seed,1450000,16 Jul 2026,StandUp Ventures,"Shelby Yee (CEO), Stuart Bourne (CTO)",groundedai.com,no design roles: Careers section shows none,,https://betakit.com/groundedai-secures-2-million-to-help-modernize-tunnel-building/,amount as reported: CAD 2M (~$1.45M)
Seed,TetraGen Robotics,Canada / LatAm / Middle East / Africa,"Winnipeg, Canada",AI machine-vision autonomous welding robots,Seed,1300000,10 Aug 2026,StepChange Capital,Matt Khoshdarregi,tetragen.ai,no design roles: No careers page,,https://betakit.com/autonomous-welding-startup-tetragen-robotics-raises-1-8-million/,amount as reported: CAD 1.8M (~$1.3M)
Seed,Roma AI,Canada / LatAm / Middle East / Africa,"Montevideo, Uruguay / Santiago, Chile",Platform for enterprise conversational AI agents,Seed,1200000,28 Aug 2026,Invexor Venture Partners,"Richard Barbera, Javier Hernández, Benjamín De Oto",teamroma.ai,no design roles: No current vacancies,,https://latamlist.com/roma-ai-raises-1-2m-seed-round/,amount as reported: $1.2M
Seed,Einship,Canada / LatAm / Middle East / Africa,Brazil,AI-native trade intelligence for importers and exporters,Seed,1000000,4 Aug 2026,Parceiro Ventures,not named in source,einship.com,no design roles: No careers page,,https://latamlist.com/einship-raises-1m-seed-round-led-by-parceiro-ventures/,amount as reported: $1M
Seed + Series A,River AI,US Series A-B,Palo Alto,RL/LoRA fine-tuning API for personalised open-weight models,Seed / Series A (ambiguous),1100000000,11 Aug 2026,"General Catalyst, AMP PBC",Igor Babuschkin,river.ai,not checked,,https://techcrunch.com/2026/08/11/general-catalyst-leads-1-1b-round-into-2-month-old-river-ai/,amount as reported: $1.1B; Dedup: in US A-B and US seed notes; stage ambiguous
Seed + Series A,Ande,US seed,New York,AI-native network for booking corporate entertainment,Seed + Series A,52000000,22 Sep 2026,"Lightspeed, Redpoint, Duration, Sierra, Bain Capital Ventures (lead not specified)","Lohit Sarma, Michael McDermott",not found,"yes: Product Designer, New York City",https://jobs.ashbyhq.com/ande/d84e0a20-02d4-4ea4-82b4-400eaeadbfc6,,website unverified/not found; no source URL captured; amount as reported: $52M; Funding source: AlleyWatch daily report 22 Sep (exact URL not captured)
Seed + Series A,Sela,US Series A-B,San Francisco,Voice-AI agents for mortgage sales calls,Seed + Series A,21000000,~22 Sep 2026,Costanoa Ventures,"Nate Becker, Vahe Tshitoyan",not found,"no design roles: Ashby, 14 jobs, none design",,https://finance.yahoo.com/technology/ai/articles/sela-raises-21m-voice-ai-121150993.html,website unverified/not found; date approximate or unverified; amount as reported: $21M
Series A,EUCLYD,Europe / UK / Israel,Netherlands,AI chips,Series A,234000000,~15-19 Sep 2026,not stated,not found,not found,not checked,,https://tech.eu/2026/09/21/european-tech-weekly-recap-over-eur17b-invested-across-70-deals,website unverified/not found; date approximate or unverified; amount as reported: €200M+ (~$234M)
Series A,Gravis Robotics,Europe / UK / Israel,"Zurich, Switzerland",Autonomous systems for heavy construction machinery,Series A,200000000,Aug 2026,SoftBank,not found,not found,not checked,,https://www.vestbee.com/insights/articles/european-funding-rounds-closed-in-august-2026,website unverified/not found; amount as reported: $200M
Series A,Glow,US Series A-B,Palo Alto (R&D Tel Aviv),AI-native endpoint security,Series A,180000000,22 Jul 2026,"Sequoia, Cyberstarts, Greenoaks, Redpoint","Roi Tiger, Omer Singer, Ophir Arie",glow.io,"no design roles: Ashby, 16 jobs, none design",,https://www.globenewswire.com/news-release/2026/07/22/3331154/0/en/glow-emerges-from-stealth-with-180-million-to-reinvent-endpoint-security-in-the-ai-era.html,amount as reported: $180M at $1.2B (Crunchbase: $100M); Dedup: Crunchbase called it $100M growth; press release says $180M Series A
Series A,Emerald AI,US Series A-B,"Washington, DC",Software making AI data centres power-flexible,Series A,150000000,~26-27 Aug 2026,"DCVC, Energize Capital",Varun Sivaram,emeraldai.co,"no design roles: Ashby, 11 jobs, none design",,https://dealroom.co/news/146819-emerald-ai-raises-150m-series-a-at-1-05b-to-tame-data-center-power-deman/,date approximate or unverified; amount as reported: $150M at $1.05B
Series A,Prime Intellect,US Series A-B,San Francisco (TechStartups: New York),Platform to train and deploy custom AI agents,Series A,130000000,8 Jul 2026,Radical Ventures,Vincent Weisser (CEO),primeintellect.ai,"no design roles: Ashby, 30 jobs, none design",,https://techcrunch.com/2026/07/08/prime-intellect-raises-130m-series-a-to-help-enterprises-build-their-own-ai-agents/,amount as reported: $130M at $1B; HQ conflict between sources
Series A,Velaura AI,US Series A-B,"Silicon Valley, CA",Ultra-low-power AI compute silicon,Series A,110000000,~18 Aug 2026,Seligman Ventures,"Rajiv Khemani, Manu Gulati, Barun Kar, Sanjay Gupta, YJ Kim",velaura.ai,"no design roles: Lever, 36 jobs; chip design only",,https://qz.com/velaura-ai-series-a-funding-round-ai-chips-power-efficiency-081826,date approximate or unverified; amount as reported: $110M at $1B; Restructured Auradine
Series A,TerraFirma,US Series A-B,"Austin, TX",AI-assisted semi-autonomous construction-equipment retrofits,Series A,100000000,14 Jul 2026,Kleiner Perkins,"Noah Schochet, Noah McGuinness",not found,not checked,,https://www.businesswire.com/news/home/20260714397606/en/TerraFirma-Raises-$115M-to-Accelerate-Construction-on-Earth-and-Beyond,website unverified/not found; amount as reported: $100M (of $115M total); Crunchbase lists $100M unspecified
Series A,Go.AI,US Series A-B,Chicago,On-prem private AI infrastructure for regulated industries,Series A,85000000,22 Sep 2026,Updata Partners,"David Moscatelli, Lisa Gillespie",go.ai,not checked: /careers returned 404,,https://www.businesswire.com/news/home/20260922352774/en/Go.AI-Raises-$85-Million-Series-A-to-Accelerate-On-Prem-AI-Infrastructure-for-Regulated-Industries,amount as reported: $85M; Dedup: also seen in Canada/LatAm/MEA sweep (excluded there)
Series A,Neo Security,US Series A-B,Boston (US-Israeli),Inventory and policy control for AI agents on endpoints,Series A,75000000,20 Jul 2026,"Andreessen Horowitz, Bessemer","Nick Warner, Shlomi Salem, Eran Shirazi",neo.security,not checked: No ATS embed on careers page,,https://www.securityweek.com/neo-emerges-from-stealth-with-100m-to-control-and-secure-enterprise-ai-software/,amount as reported: $75M (+$25M seed = $100M); Dedup: Crunchbase listed $100M growth (US C+ note)
Series A,State Affairs,US Series A-B,"Washington, DC [U]",AI policy and regulatory intelligence platform,Series A,70000000,~14 Jul 2026,"Khosla Ventures, Founders Fund",Evan Burns (CEO),stateaffairs.com,"no design roles: Greenhouse, 8 jobs, none design",,https://www.prnewswire.com/news-releases/state-affairs-raises-70-million-to-help-institutions-navigate-the-policy-and-regulatory-economy-302824501.html,date approximate or unverified; HQ unverified; amount as reported: $70M; HQ from job-board location
Series A,Venice,US Series A-B,"Sheridan, WY","Private, uncensored access to AI models",Series A,65000000,~1-2 Jul 2026,Dragonfly,Erik Voorhees,venice.ai,"no design roles: Greenhouse board, 0 postings",,https://www.theblock.co/post/406934/venice-ai-funding-equity-valuation-dragonfly,date approximate or unverified; amount as reported: $65M at $1B
Series A,Valarian Technologies,Europe / UK / Israel,"London, UK",Sovereign infrastructure for governments to deploy AI,Series A,50000000,Jul 2026,NEA,not researched,not researched,"no design roles: Lever, 10 jobs, none design",,https://www.vestbee.com/insights/articles/top-european-funding-rounds-closed-in-july-2026,website unverified/not found; amount as reported: $50M
Series A,Math Magic,India / APAC,"Beijing, China",AI 3D creation platform and creator community,Series A+,50000000,20 Aug 2026,"BAI Capital, HyT Capital",not found,not found,not checked,,https://technode.global/prnasia/math-magic-closes-series-a-raising-nearly-50-million-across-two-rounds-in-six-months/,website unverified/not found; amount as reported: ~$50M (A + A+); A+ not split out
Series A,Lightfield,US Series A-B,San Francisco,AI-native CRM (pivot from Tome),Series A,47000000,~8-9 Sep 2026,Andreessen Horowitz,"Keith Peiris, Henri Liriani",lightfield.app,"no design roles: Ashby, 21 jobs, none design",,https://www.unite.ai/lightfield-raises-47m-series-a-led-by-a16z-to-accelerate-growth/,date approximate or unverified; amount as reported: $47M
Series A,Adaptyv Biosystems,Europe / UK / Israel,"Lausanne, Switzerland",AI-powered automated labs for protein design,Series A,40000000,Aug 2026,"ACE Ventures, Y Combinator, Highland Europe",not researched,not researched,"no design roles: 31 jobs, none design",,https://www.vestbee.com/insights/articles/european-funding-rounds-closed-in-august-2026,website unverified/not found; amount as reported: $40M
Series A,AegisAI,US Series A-B,San Francisco,LLMs and agents that stop AI spear-phishing,Series A,36000000,23 Jul 2026,Battery Ventures,"Cy Khormaee, Ryan Luo",aegisai.ai,"adjacent design role only (not product/UX): Visual Designer (AI-Native, Enterprise Focus)",https://jobs.ashbyhq.com/aegis-ai/726f20fd-7a70-421c-93b2-87b6f54a688c,https://techcrunch.com/2026/07/23/aegisai-founded-by-former-google-security-execs-lands-36m-to-stop-ai-driven-spear-phishing/,amount as reported: $36M
Series A,Remepy,Europe / UK / Israel,Israel,AI-driven Parkinson's treatment,Series A,36000000,12 Aug 2026,not stated,not researched,not researched,not checked,,https://www.calcalistech.com/ctechnews/article/r1rboe4umg,website unverified/not found; amount as reported: $36M
Series A,Sapiom,US Series A-B,San Francisco,Cost/latency layer between AI agents and models,Series A,35000000,~5 Aug 2026,Dragonfly,Ilan Zerbib,sapiom.ai,"no design roles: Ashby, 4 jobs, none design",,https://dealroom.co/news/143573-sapiom-raises-35m-series-a-to-cut-the-cost-of-running-ai-agents/,date approximate or unverified; amount as reported: $35M
Series A,Baselayer,US Series A-B,New York,Business identity and know-your-agent infrastructure,Series A,35000000,22 Sep 2026,M13,"Jonathan Awad, Timothy Hyde",baselayer.com,"no design roles: Greenhouse, 13 jobs, none design",,https://news.crunchbase.com/ai/verifying-ai-agents-baselayer-35m-raise/,amount as reported: $35M
Series A,Paper,US Series A-B,San Francisco,AI-native design canvas for designers and agents,Series A,34000000,23 Jul 2026,"Accel, ICONIQ",Stephen Haney,paper.design,not checked: /careers returned 404,,https://paper.design/blog/series-a,amount as reported: $34M
Series A,Comp AI,US Series A-B,not stated,Agentic security and compliance automation,Series A,34000000,17 Sep 2026,Roo Capital,"Lewis Carhart, Claudio Fuentes, Mariano Fuentes",trycomp.ai,yes: Senior Product Designer (location not captured),https://ats.rippling.com/comp-ai/jobs/4d50ab31-cb50-462c-b0fc-a5b88239dc71,https://techcrunch.com/2026/09/17/comp-ai-sets-eyes-on-a-continiously-agentic-future-for-security-and-complaince/,amount as reported: $34M; HQ not stated in source
Series A,Natural,US Series A-B,not disclosed,Payments infrastructure for AI agents,Series A,30000000,20 Jul 2026,Forerunner Ventures,"Kahlil Lalji, Eric Wang, Walt Leung",natural.com,not checked: Ashby slug ownership unconfirmed,,https://techcrunch.com/2026/07/20/natural-raises-30m-to-reinvent-payments-for-ai-agents-and-take-on-stripe/,amount as reported: $30M
Series A,Mindgard,Europe / UK / Israel,"London, UK and Boston (Lancaster Univ. spinout)",Automated AI red-teaming and runtime AI security,Series A,30000000,12 Aug 2026,Album VC,"Peter Garraghan (founder, CSO); James Brear (CEO)",mindgard.ai,not checked,,https://www.businesswire.com/news/home/20260812503461/en/Mindgard-Raises-$30M-Series-A-by-Turning-Attacker-Behavioral-Intelligence-into-Effective-AI-Defense,amount as reported: $30M; Dedup: US A-B note gives Boston & London; placed in UK by university origin
Series A,Encore AI (formerly Insait IO),Europe / UK / Israel,Israel [U],Mines customer calls and CRM data to train AI voice agents,Series A,30000000,29 Jul 2026,Team8 (Calcalist also names Plaven),Dvir Ginzburg (CEO),gainencore.ai,not checked: Comeet widget not parseable,,https://techcrunch.com/2026/07/29/encore-ai-raises-30m-to-build-ai-agents-that-learn-from-customer-calls/,HQ unverified; amount as reported: $30M; Dedup: US A-B note (HQ not stated) and Israel list (Aug per snippet)
Series A,Naïve,US Series A-B,not stated,Infrastructure for AI agents to form and run companies,Series A,28500000,6 Aug 2026,Nexus Venture Partners,Sean Dorje (CEO),usenaive.ai,not checked,,https://techcrunch.com/2026/08/06/naive-raises-28-5m-to-automate-the-grunt-work-of-setting-up-and-running-a-company/,amount as reported: $28.5M
Series A,Chamelio,Europe / UK / Israel,"Tel Aviv, Israel",AI that executes routine legal workflows,Series A,26000000,Aug-Sep 2026 [U],Entrée Capital (backer),not researched,not researched,"no design roles: 10 jobs, none design",,https://techstartups.com/2026/09/22/venture-capital-startup-funding-roundup-september-22-2026-general-catalyst-goldman-sachs-greylock-m13-y-combinator-more/,website unverified/not found; date approximate or unverified; amount as reported: $26M; Date from snippet (Aug) vs TechStartups 22 Sep
Series A,Empirical Security,US Series A-B,Chicago,ML models predicting which vulnerabilities get exploited,Series A,25000000,20-21 Jul 2026,Brightmind Partners,"Ed Bellis, Michael Roytman, Jay Jacobs",empiricalsecurity.com,"no design roles: Ashby, 7 jobs, none design",,https://www.axios.com/pro/enterprise-software-deals/2026/07/20/cybersecurity-empirical-security-ai-25-million,amount as reported: $25M
Series A,Cymphony,Europe / UK / Israel,Israel,"Identity, permission and behaviour-graph security (borderline AI)",Series A,25000000,Aug 2026 [U],not stated,not researched,not researched,not checked,,https://www.calcalistech.com/ctechnews/article/r1rboe4umg,website unverified/not found; date approximate or unverified; amount as reported: $25M; Borderline AI fit; snippet only
Series A,Altis Labs,Canada / LatAm / Middle East / Africa,"Toronto, Canada",AI that predicts survival from radiology scans for oncology trials,Series A,25000000,21 Sep 2026,"OrbiMed, Qiming Venture Partners USA",Felix Baldauf-Lenschen (CEO),altislabs.com,"no design roles: Ashby, 4 jobs, none design",,https://betakit.com/altis-labs-raises-25-million-usd-series-a-to-expand-ai-for-cancer-trials/,amount as reported: $25M
Series A,Kastle,US Series A-B,San Francisco,AI agents for bank consumer-lending operations,Series A,24000000,~16-17 Sep 2026,Insight Partners,"Rishi Choudhary, Nitish Poddar",kastle.ai,"no design roles: Ashby, 14 jobs, none design",,https://americanbazaaronline.com/2026/09/17/kastle-24-million-series-a-ai-banking-workforce-488358/,date approximate or unverified; amount as reported: $24M
Series A,Viabot,US Series A-B,"Santa Clara, CA",Autonomous robots for outdoor property maintenance (borderline AI),Series A,24000000,~16 Sep 2026,Walden International,not found,viabot.com,not checked,,https://techstartups.com/2026/09/17/venture-capital-startup-funding-roundup-september-17-2026-3kvc-andreessen-horowitz-insight-partners-valor-equity-partners-more/,date approximate or unverified; amount as reported: $24M; Single roundup source only
Series A,Euno,US Series A-B,San Francisco (Israeli founders),Enterprise context layer for AI agents,Series A,23000000,9 Sep 2026,N47,"Sarah Levy, Eyal Firstenberg",euno.ai,not checked: /careers returned 404,,https://www.prnewswire.com/news-releases/euno-raises-23-million-series-a-to-build-the-ai-context-brain-for-the-enterprise-302872947.html,amount as reported: $23M; Dedup: also in Israel list (Calcalist)
Series A,Integral,Europe / UK / Israel,Germany,AI-native accounting and tax services,Series A,21000000,~16 Sep 2026,not stated,not researched,not researched,not checked,,https://tech.eu/2026/09/21/european-tech-weekly-recap-over-eur17b-invested-across-70-deals,website unverified/not found; date approximate or unverified; amount as reported: €18M (~$21M)
Series A,Hackuity,Europe / UK / Israel,France,AI security vulnerability management,Series A,19000000,~16 Sep 2026,not stated,not researched,not researched,not checked,,https://tech.eu/2026/09/21/european-tech-weekly-recap-over-eur17b-invested-across-70-deals,website unverified/not found; date approximate or unverified; amount as reported: $19M
Series A,Trebellar,US Series A-B,Remote-US,AI platform and agents for corporate real estate,Series A,18000000,24 Sep 2026,Blossom Capital,"Diego Ferreiro Val, David Garcia Quintas",trebellar.com,"no design roles: Ashby, 5 jobs, none design",,https://trebellar.com/blog/trebellar-series-a/,amount as reported: $18M
Series A,Magentic,Europe / UK / Israel,"London, UK",AI agents automating industrial operations,Series A,18000000,~17 Sep 2026,not stated,not researched,not researched,"no design roles: 10 jobs, none design",,https://tech.eu/2026/09/21/european-tech-weekly-recap-over-eur17b-invested-across-70-deals,website unverified/not found; date approximate or unverified; amount as reported: $18M
Series A,Axle,US Series A-B,New York [U],AI-native insurance clearinghouse,Series A,17500000,~13 Aug 2026,Base10 Partners,"Cameron Duncan, Armaan Sikand, Nihar Parikh",axle.insure,not checked: Greenhouse 'axle' slug is a different company,,https://fintech.global/2026/08/13/axle-raises-17-5m-to-make-insurance-programmable/,date approximate or unverified; HQ unverified; amount as reported: $17.5M
Series A,Passionfroot,Europe / UK / Israel,"Berlin, Germany",AI-powered B2B creator-marketing marketplace,Series A,15000000,Jul 2026,Insight Partners,not researched,not researched,"no design roles: 13 jobs, none design",,https://www.vestbee.com/insights/articles/top-european-funding-rounds-closed-in-july-2026,website unverified/not found; amount as reported: $15M
Series A,Qingxing Heterogeneous Computing,India / APAC,"Shanghai, China",Quantum-inspired AI models running on GPUs,Series A+,14900000,25 Sep 2026,No single lead (Jinkai Capital and others),Yu Teng,not found,not checked,,https://thequantuminsider.com/2026/09/25/chinas-qingxing-raises-nearly-100-million-yuan-to-develop-quantum-inspired-ai/,website unverified/not found; amount as reported: ~¥100M RMB (~$14.9M)
Series A,Newcode.ai,Europe / UK / Israel,"Oslo, Norway",AI infrastructure platform for legal,Series A,13500000,Aug 2026,"OnDean Forward, Alliance VC, Antiportfolio",not researched,not researched,not checked,,https://www.vestbee.com/insights/articles/european-funding-rounds-closed-in-august-2026,website unverified/not found; amount as reported: $13.5M
Series A,Graph AI,India / APAC,HQ unverified (India-linked),AI-native patient-safety and pharmacovigilance platform,Series A,13300000,~7-12 Sep 2026,Insight Partners,"Raghav Parvataraju (CEO), Vijay Ponukumati, Mohan Konyala, Ashutosh Bordekar",not found,not checked,,https://india.entrepreneur.com/business-news/graph-ai-raises-usd-13-3-mn-in-series-a,website unverified/not found; date approximate or unverified; amount as reported: $13.3M
Series A,Smallest.ai,India / APAC,Bengaluru (also US presence),Compact voice AI models for regulated enterprises,Series A,13000000,30-31 Jul 2026,Seligman Ventures,"Sudarshan Kamath, Akshat Mandloi",smallest.ai,"no design roles: Ashby, 1 job (QA)",,https://siliconangle.com/2026/07/30/smallest-ai-raises-13m-accelerate-development-asynchronous-voice-ai-architecture/,amount as reported: $13M; Dedup: US A-B note (HQ not stated) and India note (Bengaluru)
Series A,Synapse Analytics,Canada / LatAm / Middle East / Africa,"Cairo, Egypt","Agentic AI decisioning for credit, fraud and AML",Series A,13000000,15 Sep 2026,Partech,"Ahmed Abaza, Galal Elbeshbishy",synapse-analytics.io,"no design roles: Recruitee, 9 roles, none design",,https://disruptafrica.com/2026/09/15/egyptian-ai-startup-synapse-analytics-raises-13m-series-a-funding-round/,amount as reported: $13M
Series A,Atomic,US Series A-B,Boston,AI-native supply-chain planning and procurement,Series A,12500000,~29 Sep 2026,"Klass Capital, Madrona","Michael Rossiter, Neal Suidan (Jeff Goodrich also named)",not found,not checked: Ashby 'atomic' slug is unrelated,,https://www.citybiz.co/article/911390/atomic-raises-12-5m-series-a-to-expand-ai-powered-supply-chain-execution-platform/,website unverified/not found; date approximate or unverified; amount as reported: $12.5M
Series A,Axya,Canada / LatAm / Middle East / Africa,"Montréal, Canada",AI-powered procurement platform for manufacturers,Series A,12300000,24 Sep 2026,McRock Capital (equity),Félix Bélisle-Dockrill (CEO),axya.co,undetermined: Careers page shows no listings in HTML (possibly embedded widget),,https://betakit.com/axya-closes-17-million-series-a-to-modernize-manufacturing-procurement/,amount as reported: CAD 17M (~$12.3M); CAD 12M equity + CAD 5M debt
Series A,Reo.Dev,India / APAC,India [U],AI sales intelligence for developer-tool companies,Series A,11300000,~16 Jul 2026,Elevation Capital,"Achintya Gupta (CEO), Gaurav Jain, Piyush Agarwal",reo.dev [U],"no design roles: Ashby 'reo-dev', 3 jobs, none design (slug assumed)",,https://yourstory.com/2026/07/reodev-raises-113-million-series-a-elevation-capital,website unverified/not found; date approximate or unverified; HQ unverified; amount as reported: $11.3M
Series A,Ultimarii,Canada / LatAm / Middle East / Africa,"Calgary, Canada",AI regulatory and permitting intelligence for infrastructure,Series A,9400000,11 Sep 2026,"BDC Industrial Innovation Venture Fund, Mistral Venture Partners",not named in source,ultimarii.com,no design roles: Only a regulatory analyst role,,https://betakit.com/regulatory-ai-company-ultimarii-raises-13-million-series-a-round/,amount as reported: CAD 13M+ (~$9.4M); Includes debt and IRAP
Series A,Edgify,Europe / UK / Israel,"London, UK",Edge AI infrastructure,Series A,9000000,Aug 2026,"Octopus Ventures, Mangrove",not researched,not researched,not checked,,https://www.vestbee.com/insights/articles/european-funding-rounds-closed-in-august-2026,website unverified/not found; amount as reported: $9M
Series A,Aria,Europe / UK / Israel,"Paris, France",AI embedded invoice financing,Series A,8200000,Jul 2026,Kima Ventures,not researched,not researched,not checked,,https://www.vestbee.com/insights/articles/top-european-funding-rounds-closed-in-july-2026,website unverified/not found; amount as reported: €7M (~$8.2M)
Series A,Pinegap,India / APAC,India [U],Agentic AI equity-research platform,Series A,8000000,~3-7 Aug 2026,Stellaris Venture Partners,"Ankit Varmani, Deepak Sharma",not found,not checked,,https://indianstartupnews.com/funding/ai-equity-research-startup-pinegap-raises-8-million-in-funding-led-by-stellaris-venture-partners-12241501,website unverified/not found; date approximate or unverified; HQ unverified; amount as reported: $8M
Series A,Magnar,Canada / LatAm / Middle East / Africa,Chile,Legal AI agent for Latin American lawyers,Series A,8000000,8 Sep 2026,"6 Degrees Capital, Hi Ventures",Andrés Arellano (CEO),magnar.ai,no design roles: Teamtailor: Growth Engineer only,,https://latamlist.com/magnar-raises-8m-series-a/,amount as reported: $8M
Series A,nocall.ai,India / APAC,"Tokyo, Japan",Generative-AI voice agents for business phone calls,Series A,5400000,~11 Sep 2026,"JAFCO, Archetype Ventures",Shogo Hayashi (CEO),not found,not checked,,https://www.thesaasnews.com/news/nocall-inc-raises-800m-series-a/,website unverified/not found; date approximate or unverified; amount as reported: ~¥800M (~$5.4M)
Series A,Disha (formerly Curelink),India / APAC,India [U],24x7 AI health coach for chronic conditions,Series A,5000000,~21-26 Sep 2026,General Catalyst,"Aman Singla, Divyansh Jain",not found,not checked,,https://entrackr.com/exclusive/exclusive-disha-formerly-curelink-raises-series-a-led-by-general-catalyst-12551971,website unverified/not found; date approximate or unverified; HQ unverified; amount as reported: ₹43.88 cr (~$5.0M)
Series A,Revspot,India / APAC,Bengaluru,AI sales platform for B2C brands,Series A,4800000,29 Jul 2026,"Inflexor Ventures, Info Edge Ventures","Darshan Subash, Chirag Wadhera, Varun Garg",not found,not checked,,https://yourstory.com/2026/07/ai-startup-revspot-raises-funding-series-a-round,website unverified/not found; amount as reported: $4.8M
Series A,Navana.ai,India / APAC,India [U],Sovereign full-stack voice AI for BFSI,Series A,4200000,~7-12 Sep 2026,Ronnie Screwvala,"Raoul Nanavati, Jai Nanavati",navana.ai [U],not checked,,https://inc42.com/buzz/navana-ai-raises-%E2%82%B940-cr-to-scale-voice-ai-platform/,website unverified/not found; date approximate or unverified; HQ unverified; amount as reported: ₹40 cr (~$4.2M)
Series A,Superleap,India / APAC,Bengaluru,AI-native CRM with agentic automation and voice bots,Pre-Series A,4200000,~3-7 Aug 2026,Peak XV's Surge,"Subham Kumar Boundia (CEO), Alok Maurya (CTO), Saurabh Maheshwari (CPO)",superleap.com,not checked,,https://superleap.com/press-release-pre-series-a-fundraise,date approximate or unverified; amount as reported: ₹36 cr (~$4.2M)
Series A,AILA,Canada / LatAm / Middle East / Africa,Saudi Arabia,AI personalised learning and adaptive assessment,Pre-Series A,3000000,~wk to 22 Aug 2026,Rua Growth Fund,"Yousef Al-Sayed, Nouf Mugayel, Abdulaziz Bin Mugayel",not verified,not checked,,https://www.arabnews.com/node/2655509/amp,website unverified/not found; date approximate or unverified; amount as reported: $3M
Series A,DigitalPaani,India / APAC,India [U],AI + IoT platform to run water infrastructure,Series A,2300000,8 Sep 2026,Navam Capital,not found,not found,not checked,,https://indianstartupnews.com/funding/watertech-startup-digitalpaani-raises-rs-22-crore-in-funding-to-expand-operations-12507171,website unverified/not found; HQ unverified; amount as reported: ₹22 cr (~$2.3M)
Series A,Consint.AI,India / APAC,India [U],Application-layer B2B AI (detail not captured),Series A,2300000,~6 Aug 2026,BIG Global Investment JSC,not found,not found,not checked,,https://inc42.com/buzz/from-river-mobility-to-blissclub-indian-startups-raised-274-mn-this-week/,website unverified/not found; date approximate or unverified; HQ unverified; amount as reported: $2.3M
